Id,nom_rue
1,marterey
2,marterey
3,marterey
4,marterey
5,marterey
6,marterey
7,marterey
8,marterey
9,marterey
10,marterey
11,marterey
12,marterey
13,marterey
14,marterey
15,marterey
16,marterey
17,marterey
18,marterey
19,marterey
20,marterey
21,marterey
22,marterey
23,marterey
24,marterey
25,marterey
26,marterey
27,marterey
28,marterey
29,marterey
30,marterey
31,marterey
32,marterey
33,marterey
34,marterey
35,marterey
36,marterey
37,marterey
38,marterey
39,marterey
40,marterey
41,marterey
42,marterey
43,marterey
44,marterey
45,marterey
46,marterey
47,marterey
48,marterey
49,marterey
50,marterey
51,marterey
52,marterey
53,marterey
54,marterey
55,marterey
56,marterey
57,bugnon
58,bugnon
59,bugnon
60,bugnon
61,marterey
62,marterey
63,marterey
64,marterey
65,marterey
66,marterey
67,marterey
68,marterey
69,marterey
70,marterey
71,marterey
72,marterey
73,marterey
74,marterey
75,marterey
76,marterey
77,marterey
78,marterey
79,marterey
80,marterey
81,marterey
82,marterey
83,marterey
84,marterey
85,marterey
86,marterey
87,marterey
88,marterey
89,marterey
90,marterey
91,marterey
92,marterey
93,marterey
94,marterey
95,marterey
96,marterey
97,marterey
98,marterey
99,marterey
100,marterey
101,marterey
102,marterey
103,marterey
104,marterey
105,marterey
106,marterey
107,marterey
108,marterey
109,marterey
110,marterey
111,marterey
112,marterey
113,marterey
114,marterey
115,marterey
116,marterey
117,marterey
118,marterey
119,marterey
120,marterey
121,marterey
122,marterey
123,marterey
124,marterey
125,marterey
126,marterey
127,marterey
128,marterey
129,marterey
130,marterey
131,marterey
132,marterey
133,marterey
134,marterey
135,marterey
136,marterey
137,marterey
138,marterey
139,marterey
140,marterey
141,marterey
142,marterey
143,marterey
144,marterey
145,marterey
146,marterey
147,marterey
148,marterey
149,marterey
150,marterey
151,marterey
152,marterey
153,marterey
154,marterey
155,marterey
156,marterey
157,marterey
158,marterey
159,marterey
160,marterey
161,marterey
162,marterey
163,marterey
164,marterey
165,marterey
166,marterey
167,marterey
168,marterey
169,marterey
170,marterey
171,marterey
172,marterey
173,marterey
174,marterey
175,marterey
176,marterey
177,marterey
178,marterey
179,marterey
180,marterey
181,marterey
182,marterey
183,marterey
184,marterey
185,marterey
186,marterey
187,marterey
188,marterey
189,marterey
190,marterey
191,marterey
192,marterey
193,marterey
194,marterey
195,marterey
196,marterey
197,marterey
198,marterey
199,marterey
200,marterey
201,marterey
202,marterey
203,marterey
204,marterey
205,marterey
206,marterey
207,marterey
208,marterey
209,marterey
210,marterey
211,marterey
212,marterey
213,marterey
214,marterey
215,marterey
216,marterey
217,marterey
218,marterey
219,marterey
220,marterey
221,marterey
222,marterey
223,marterey
224,marterey
225,marterey
226,marterey
227,marterey
228,marterey
229,marterey
230,marterey
231,marterey
232,marterey
233,marterey
234,marterey
235,marterey
236,marterey
237,marterey
238,marterey
239,marterey
240,marterey
241,marterey
242,marterey
243,marterey
244,marterey
245,marterey
246,marterey
247,marterey
248,marterey
249,marterey
250,marterey
251,marterey
252,marterey
253,marterey
254,marterey
255,marterey
256,marterey
257,etraz
258,etraz
259,etraz
260,etraz
261,etraz
262,etraz
263,etraz
264,etraz
265,etraz
266,etraz
267,etraz
268,etraz
269,etraz
270,etraz
271,etraz
272,etraz
273,etraz
274,etraz
275,etraz
276,etraz
277,etraz
278,etraz
279,etraz
280,etraz
281,etraz
282,etraz
283,etraz
284,etraz
285,etraz
286,etraz
287,etraz
288,etraz
289,etraz
290,etraz
291,etraz
292,etraz
293,etraz
294,etraz
295,etraz
296,etraz
297,etraz
298,etraz
299,etraz
300,etraz
301,etraz
302,etraz
303,etraz
304,etraz
305,etraz
306,etraz
307,etraz
308,villamont
309,villamont
310,mon repos
311,mousquines
312,mousquines
313,mousquines
314,petit mon repos
315,beausite
316,toises
317,toises
318,toises
319,toises
320,rosiere
321,georgette
323,georgette
324,georgette
325,singe
326,singe
327,singe
328,petit singe
329,petit singe
330,petit singe
331,petit singe
332,petit singe
333,petit singe
334,petit singe
335,petit singe
336,petit singe
337,petit singe
338,petit singe
339,petit singe
340,petit singe
341,etraz
342,etraz
343,etraz
344,etraz
345,etraz
346,etraz
347,etraz
348,etraz
349,etraz
350,etraz
351,etraz
352,etraz
353,etraz
354,etraz
355,etraz
356,etraz
357,etraz
358,etraz
359,etraz
360,etraz
361,etraz
362,etraz
363,etraz
364,etraz
365,etraz
366,etraz
367,etraz
368,etraz
369,etraz
370,etraz
371,st pierre
372,st pierre
373,st pierre
374,st pierre
375,st pierre
376,st pierre
377,st pierre
378,st pierre
379,st pierre
380,st pierre
381,st pierre
382,st pierre
383,st pierre
384,st pierre
385,st pierre
386,st pierre
387,st pierre
388,st pierre
389,st pierre
390,st pierre
391,st pierre
392,st pierre
393,st pierre
394,st pierre
395,st pierre
396,st pierre
397,st pierre
398,st pierre
399,st pierre
400,st pierre
401,st pierre
402,st pierre
403,st pierre
404,st pierre
405,st pierre
406,st pierre
407,st pierre
408,st pierre
409,st pierre
410,st pierre
411,st pierre
412,st pierre
413,st pierre
414,st pierre
415,st pierre
416,st pierre
417,st pierre
418,st pierre
419,st pierre
420,st pierre
421,st pierre
422,st pierre
423,st pierre
424,st pierre
425,st pierre
426,st pierre
427,st pierre
428,st pierre
429,st pierre
430,st pierre
431,st pierre
432,st pierre
433,st pierre
434,st pierre
435,st pierre
436,st pierre
437,st pierre
438,st pierre
439,st pierre
440,st pierre
441,st pierre
442,st pierre
443,st pierre
444,st pierre
445,st pierre
446,st pierre
447,st pierre
448,st pierre
449,st pierre
450,st pierre
451,st pierre
452,st pierre
453,st pierre
454,st pierre
455,st pierre
456,st pierre
457,st pierre
458,st pierre
459,st pierre
460,st pierre
461,st pierre
462,st pierre
463,st pierre
464,villamont maison de maitres
465,villamont maison de maitres
466,villamont maison de maitres
467,villamont maison de maitres
468,st pierre
469,st pierre
470,st pierre
471,st pierre
472,st pierre
473,st pierre
474,st pierre
475,st pierre
476,st pierre
477,st pierre
478,st pierre
479,st pierre
480,st pierre
481,st pierre
482,st pierre
483,st pierre
484,st pierre
485,st pierre
486,st pierre
487,st pierre
488,st pierre
489,st pierre
490,st pierre
491,st pierre
492,st pierre
493,st pierre
494,st pierre
495,st pierre
496,st pierre
497,st pierre
498,st pierre
499,st pierre
500,st pierre
501,st pierre
502,st pierre
503,st pierre
504,st pierre
505,st pierre
506,st pierre
507,cheneau de bourg
508,cheneau de bourg
509,cheneau de bourg
510,cheneau de bourg
511,cheneau de bourg
512,cheneau de bourg
513,cheneau de bourg
514,cheneau de bourg
515,cheneau de bourg
516,cheneau de bourg
517,cheneau de bourg
518,cheneau de bourg
519,cheneau de bourg
520,cheneau de bourg
521,cheneau de bourg
522,cheneau de bourg
523,cheneau de bourg
524,cheneau de bourg
525,cheneau de bourg
526,cheneau de bourg
527,cheneau de bourg
528,cheneau de bourg
529,cheneau de bourg
530,cheneau de bourg
531,cheneau de bourg
532,cheneau de bourg
533,cheneau de bourg
534,cheneau de bourg
535,cheneau de bourg
536,cheneau de bourg
537,cheneau de bourg
538,cheneau de bourg
539,cheneau de bourg
540,cheneau de bourg
541,cheneau de bourg
542,cheneau de bourg
543,cheneau de bourg
544,cheneau de bourg
545,cheneau de bourg
546,cheneau de bourg
547,cheneau de bourg
548,cheneau de bourg
549,cheneau de bourg
550,cheneau de bourg
551,cheneau de bourg
552,cheneau de bourg
553,cheneau de bourg
554,cheneau de bourg
555,cheneau de bourg
556,cheneau de bourg
557,cheneau de bourg
558,cheneau de bourg
559,cheneau de bourg
560,cheneau de bourg
561,cheneau de bourg
562,cheneau de bourg
563,cheneau de bourg
564,cheneau de bourg
565,cheneau de bourg
566,cheneau de bourg
567,cheneau de bourg
568,cheneau de bourg
569,cheneau de bourg
570,cheneau de bourg
571,cheneau de bourg
572,cheneau de bourg
573,cheneau de bourg
574,cheneau de bourg
575,cheneau de bourg
576,cheneau de bourg
577,cheneau de bourg
578,cheneau de bourg
579,cheneau de bourg
580,cheneau de bourg
581,cheneau de bourg
582,cheneau de bourg
583,cheneau de bourg
584,cheneau de bourg
585,cheneau de bourg
586,cheneau de bourg
587,cheneau de bourg
588,cheneau de bourg
589,cheneau de bourg
590,cheneau de bourg
591,cheneau de bourg
592,cheneau de bourg
593,cheneau de bourg
594,cheneau de bourg
595,cheneau de bourg
596,cheneau de bourg
597,cheneau de bourg
598,cheneau de bourg
599,cheneau de bourg
600,cheneau de bourg
601,cheneau de bourg
602,cheneau de bourg
603,cheneau de bourg
604,cheneau de bourg
605,cheneau de bourg
606,cheneau de bourg
607,cheneau de bourg
608,cheneau de bourg
609,cheneau de bourg
610,cheneau de bourg
611,cheneau de bourg
612,cheneau de bourg
613,cheneau de bourg
614,cheneau de bourg
615,cheneau de bourg
616,cheneau de bourg
617,cheneau de bourg
618,cheneau de bourg
619,cheneau de bourg
620,cheneau de bourg
621,cheneau de bourg
622,cheneau de bourg
623,cheneau de bourg
624,cheneau de bourg
625,cheneau de bourg
626,cheneau de bourg
627,cheneau de bourg
628,cheneau de bourg
629,cheneau de bourg
630,cheneau de bourg
631,cheneau de bourg
632,cheneau de bourg
633,cheneau de bourg
634,cheneau de bourg
635,cheneau de bourg
636,cheneau de bourg
637,cheneau de bourg
638,cheneau de bourg
639,cheneau de bourg
640,cheneau de bourg
641,cheneau de bourg
642,cheneau de bourg
643,cheneau de bourg
644,cheneau de bourg
645,cheneau de bourg
646,cheneau de bourg
647,cheneau de bourg
648,cheneau de bourg
649,cheneau de bourg
650,cheneau de bourg
651,cheneau de bourg
652,cheneau de bourg
653,cheneau de bourg
654,cheneau de bourg
655,st francois
656,st francois
657,st francois
658,st francois
659,st francois
660,st francois
661,st francois
662,st francois
663,st francois
664,st francois
665,st francois
666,st francois
667,st francois
668,st francois
669,st francois
670,st francois
671,st francois
672,st francois
673,st francois
674,st francois
675,st francois
676,st francois
677,st francois
678,st francois
679,st francois
680,st francois
681,st francois
682,st francois
683,st francois
684,st francois
685,st francois
686,st francois
687,st francois
688,st francois
689,st francois
690,bourg
691,bourg
692,bourg
693,bourg
695,bourg
696,bourg
698,bourg
699,bourg
700,bourg
701,bourg
702,bourg
703,bourg
704,bourg
705,bourg
706,bourg
707,bourg
708,bourg
709,bourg
710,bourg
711,bourg
712,bourg
713,bourg
714,bourg
715,bourg
716,bourg
717,bourg
718,bourg
719,bourg
720,bourg
721,bourg
722,bourg
723,bourg
724,bourg
725,bourg
726,bourg
727,bourg
728,bourg
729,bourg
731,bourg
732,bourg
733,bourg
734,bourg
735,bourg
736,bourg
737,bourg
738,bourg
739,bourg
740,bourg
741,bourg
742,bourg
743,bourg
744,bourg
745,bourg
746,bourg
747,bourg
748,bourg
749,bourg
750,bourg
751,bourg
752,bourg
753,bourg
754,bourg
755,bourg
756,bourg
757,bourg
758,bourg
759,bourg
760,bourg
761,bourg
762,bourg
763,bourg
764,bourg
765,bourg
766,bourg
767,bourg
768,bourg
769,bourg
770,bourg
771,bourg
772,bourg
773,bourg
774,bourg
775,bourg
776,bourg
777,bourg
778,bourg
779,bourg
780,bourg
781,bourg
782,bourg
783,bourg
784,bourg
785,bourg
786,bourg
787,bourg
788,bourg
789,bourg
790,bourg
791,bourg
792,bourg
793,bourg
794,bourg
795,bourg
796,bourg
797,bourg
798,bourg
799,bourg
800,bourg
801,bourg
802,bourg
803,bourg
804,bourg
805,bourg
806,bourg
807,bourg
808,bourg
809,bourg
810,bourg
811,bourg
812,bourg
813,bourg
814,bourg
815,bourg
816,bourg
817,bourg
818,bourg
819,bourg
820,bourg
821,bourg
823,bourg
824,bourg
825,bourg
826,bourg
827,bourg
828,bourg
829,bourg
830,bourg
831,bourg
832,bourg
833,bourg
834,bourg
835,bourg
836,bourg
837,bourg
838,bourg
839,bourg
840,bourg
841,bourg
842,bourg
843,bourg
844,bourg
845,bourg
846,bourg
847,bourg
848,bourg
849,bourg
851,bourg
852,place st francois
853,place st francois
854,place st francois
855,place st francois
856,place st francois
857,place st francois
858,grotte
859,grotte
860,grotte
861,grotte
862,grotte
863,grotte
864,grotte
865,grotte
866,grotte
867,grotte
868,grotte
869,grotte
870,grotte
871,grotte
872,grotte
873,grotte
874,grotte
875,grotte
877,grotte
878,grotte
879,grotte
880,grotte
881,grotte
882,grotte
883,grotte
884,grotte
885,place st francois
886,place st francois
887,place st francois
888,place st francois
889,maison des postes
890,maison des postes
891,maison des postes
892,maison des postes
893,pepinet
894,place st francois
895,place st francois
896,place st francois
897,place st francois
898,place st francois
899,place st francois
900,place st francois
901,place st francois
902,place st francois
903,place st francois
904,place st francois
905,place st francois
906,place st francois
907,place st francois
908,place st francois
909,place st francois
910,place st francois
911,place st francois
912,place st francois
913,place st francois
914,place st francois
915,place st francois
916,place st francois
917,place st francois
918,place st francois
919,place st francois
920,place st francois
921,place st francois
922,place st francois
923,place st francois
924,place st francois
925,place st francois
926,place st francois
927,place st francois
928,place st francois
929,place st francois
930,place st francois
931,place st francois
932,place st francois
933,place st francois
934,place st francois
935,place st francois
936,place st francois
937,place st francois
938,place st francois
939,place st francois
940,petit chene
941,petit chene
942,petit chene
943,petit chene
944,petit chene
945,petit chene
946,petit chene
947,petit chene
948,petit chene
949,petit chene
950,petit chene
951,petit chene
952,petit chene
953,petit chene
954,petit chene
955,petit chene
956,petit chene
957,petit chene
958,grand chene
959,grand chene
960,grand chene
961,grand chene
962,grand chene
963,grand chene
964,grand chene
965,grand chene
966,grand chene
967,grand chene
968,grand chene
969,grand chene
970,grand chene
971,grand chene
972,grand chene
973,grand chene
975,grand chene
976,grand chene
977,grand chene
978,grand chene
979,grand chene
980,grand chene
982,grand chene
983,grand chene
984,grand chene
985,grand chene
986,grand chene
987,grand chene
988,grand chene
989,grand chene
990,grand chene
991,grand chene
992,grand chene
993,grand chene
994,grand chene
995,grand chene
996,grand chene
997,grand chene
998,grand chene
999,grand chene
1000,grand chene
1001,grand chene
1002,grand chene
1003,grand chene
1004,grand chene
1005,grand chene
1006,grand chene
1007,grand chene
1008,grand chene
1009,grand chene
1010,grand chene
1011,grand chene
1012,grand chene
1013,grand chene
1014,grand chene
1015,grand chene
1016,grand chene
1017,montbenon
1018,montbenon
1019,montbenon
1020,montbenon
1021,montbenon
1022,montbenon
1023,montbenon
1024,montbenon
1025,montbenon
1026,croix rouge
1027,croix rouge
1028,croix rouge
1029,croix rouge
1030,croix rouge
1031,croix rouge
1032,languedoc
1033,montee st francois
1034,montee st francois
1035,montee st francois
1036,montee st francois
1037,montee st francois
1038,montee st francois
1039,montee st francois
1040,montee st francois
1041,montee st francois
1042,montee st francois
1043,montee st francois
1044,montee st francois
1045,montee st francois
1046,montee st francois
1047,montee st francois
1048,montee st francois
1049,montee st francois
1050,montee st francois
1051,montee st francois
1052,montee st francois
1053,montee st francois
1054,montee st francois
1055,montee st francois
1056,montee st francois
1057,montee st francois
1058,montee st francois
1059,montee st francois
1060,montee st francois
1061,montee st francois
1062,rue du pre
1063,rue du pre
1064,rue du pre
1065,rue du pre
1066,rue du pre
1067,rue du pre
1068,rue du pre
1069,rue du pre
1070,rue du pre
1071,rue du pre
1072,rue du pre
1073,rue du pre
1074,rue du pre
1075,rue du pre
1076,rue du pre
1077,rue du pre
1078,rue du pre
1079,rue du pre
1080,rue du pre
1081,rue du pre
1082,rue du pre
1083,rue du pre
1084,rue du pre
1085,rue du pre
1086,rue du pre
1087,rue du pre
1088,rue du pre
1089,rue du pre
1090,rue du pre
1091,rue du pre
1092,rue du pre
1093,rue du pre
1094,rue du pre
1095,rue du pre
1097,rue du pre
1098,rue du pre
1099,rue du pre
1101,rue du pre
1102,rue du pre
1103,rue du pre
1104,rue du pre
1105,rue du pre
1106,rue du pre
1107,rue du pre
1108,rue du pre
1109,rue du pre
1110,rue du pre
1111,rue du pre
1112,rue du pre
1113,rue du pre
1114,rue du pre
1115,rue du pre
1116,rue du pre
1117,rue du pre
1118,rue du pre
1119,rue du pre
1120,rue du pre
1121,rue du pre
1122,rue du pre
1123,rue du pre
1124,rue du pre
1125,rue du pre
1126,rue du pre
1127,rue du pre
1128,rue du pre
1129,rue du pre
1130,rue du pre
1131,rue du pre
1132,rue du pre
1133,rue du pre
1134,rue du pre
1135,rue du pre
1136,rue du pre
1137,rue du pre
1138,rue du pre
1139,rue du pre
1140,rue du pre
1141,rue du pre
1142,rue du pre
1143,rue du pre
1144,rue du pre
1145,rue du pre
1146,rue du pre
1147,rue du pre
1148,rue du pre
1149,rue du pre
1150,rue du pre
1151,rue du pre
1152,rue du pre
1153,rue du pre
1154,rue du pre
1155,rue du pre
1156,rue du pre
1157,rue du pre
1158,rue du pre
1159,rue du pre
1160,rue du pre
1161,rue du pre
1162,rue du pre
1163,rue du pre
1164,rue du pre
1165,rue du pre
1166,rue du pre
1167,rue du pre
1168,rue du pre
1169,rue du pre
1170,rue du pre
1171,rue du pre
1172,rue du pre
1173,rue du pre
1174,rue du pre
1175,rue du pre
1176,rue du pre
1177,rue du pre
1178,rue du pre
1179,rue du pre
1180,rue du pre
1182,place du pont
1183,place du pont
1184,place du pont
1185,place du pont
1186,place du pont
1187,place du pont
1188,place du pont
1189,place du pont
1190,place du pont
1191,place du pont
1192,place du pont
1193,place du pont
1194,place du pont
1195,place du pont
1196,place du pont
1197,place du pont
1198,place du pont
1199,place du pont
1200,place du pont
1201,place du pont
1202,place du pont
1203,place du pont
1204,rue du pre
1205,rue du pre
1206,rue du pre
1207,rue du pre
1208,rue du pre
1209,rue du pre
1210,rue du pre
1211,rue du pre
1212,rue du pre
1213,rue du pre
1214,rue du pre
1215,rue du pre
1216,rue du pre
1217,rue du pre
1218,rue du pre
1219,rue du pre
1220,rue du pre
1221,rue du pre
1222,rue du pre
1223,rue du pre
1224,rue du pre
1225,rue du pre
1226,rue du pre
1227,rue du pre
1228,rue du pre
1229,rue du pre
1230,rue du pre
1231,rue du pre
1232,rue du pre
1233,rue du pre
1234,rue du pre
1235,rue du pre
1236,rue du pre
1237,rue du pre
1238,rue du pre
1239,rue du pre
1240,rue du pre
1241,rue du pre
1242,rue du pre
1243,rue du pre
1244,rue du pre
1245,rue du pre
1246,rue du pre
1247,rue du pre
1248,rue du pre
1249,rue du pre
1250,rue du pre
1251,rue du pre
1252,rue du pre
1253,rue du pre
1254,rue du pre
1255,rue du pre
1256,rue du pre
1257,rue du pre
1258,rue du pre
1259,rue du pre
1260,rue du pre
1261,rue du pre
1262,rue du pre
1263,rue du pre
1264,rue du pre
1265,rue du pre
1266,rue du pre
1267,rue du pre
1268,rue du pre
1269,rue du pre
1270,rue du pre
1271,rue du pre
1272,rue du pre
1273,rue du pre
1274,rue du pre
1275,rue du pre
1276,rue du pre
1277,rue du pre
1278,rue du pre
1279,rue du pre
1280,rue du pre
1281,rue du pre
1282,rue du pre
1283,rue du pre
1284,rue du pre
1285,rue du pre
1286,rue du pre
1287,rue du pre
1288,rue du pre
1289,rue du pre
1290,rue du pre
1291,rue du pre
1292,rue du pre
1293,rue du pre
1294,rue du pre
1295,rue du pre
1296,rue du pre
1297,rue du pre
1298,rue du pre
1299,rue du pre
1300,rue du pre
1301,rue du pre
1302,rue du pre
1303,rue du pre
1304,rue du pre
1305,rue du pre
1306,rue du pre
1307,rue du pre
1308,rue du pre
1309,rue du pre
1310,rue du pre
1311,rue du pre
1312,rue du pre
1313,rue du pre
1314,rue du pre
1315,rue du pre
1316,rue du pre
1317,rue du pre
1318,rue du pre
1319,rue du pre
1320,rue du pre
1321,rue du pre
1322,rue du pre
1323,rue du pre
1324,rue du pre
1325,st francois
1326,st francois
1327,st francois
1328,st francois
1329,st francois
1330,st francois
1331,st francois
1332,st francois
1333,st francois
1334,st francois
1335,st francois
1336,st francois
1337,st francois
1338,st francois
1339,st francois
1340,st francois
1341,st francois
1342,st francois
1343,st francois
1344,st francois
1345,st francois
1346,st francois
1347,st francois
1348,st francois
1349,st francois
1350,st francois
1351,st francois
1352,st francois
1353,st francois
1354,st francois
1355,st francois
1356,st francois
1357,st francois
1358,st francois
1359,st francois
1360,st francois
1361,st francois
1362,st francois
1363,st francois
1364,st francois
1365,rue du pont
1366,rue du pont
1367,rue du pont
1368,rue du pont
1369,rue du pont
1370,rue du pont
1371,rue du pont
1372,rue du pont
1373,rue du pont
1374,rue du pont
1375,rue du pont
1376,rue du pont
1377,rue du pont
1378,rue du pont
1379,rue du pont
1380,rue du pont
1381,rue du pont
1382,rue du pont
1383,rue du pont
1384,rue du pont
1385,rue du pont
1386,rue du pont
1387,rue du pont
1388,rue du pont
1389,rue du pont
1390,rue du pont
1391,rue du pont
1392,rue du pont
1394,rue du pont
1395,rue du pont
1396,rue du pont
1397,rue du pont
1398,rue du pont
1399,rue du pont
1400,rue du pont
1401,rue du pont
1402,rue du pont
1403,rue du pont
1404,rue du pont
1405,rue du pont
1406,rue du pont
1407,rue du pont
1408,rue du pont
1409,rue du pont
1410,rue du pont
1411,rue du pont
1412,rue du pont
1413,rue du pont
1414,rue du pont
1415,rue du pont
1416,rue du pont
1417,rue du pont
1418,rue du pont
1419,rue du pont
1420,rue du pont
1421,rue du pont
1422,rue du pont
1423,rue du pont
1424,rue du pont
1425,rue du pont
1426,rue du pont
1427,rue du pont
1428,rue du pont
1429,rue du pont
1430,rue du pont
1431,rue du pont
1432,rue du pont
1433,rue du pont
1434,rue du pont
1435,rue du pont
1436,rue du pont
1437,rue du pont
1438,petit st jean
1439,petit st jean
1440,petit st jean
1441,petit st jean
1442,petit st jean
1443,petit st jean
1444,petit st jean
1445,petit st jean
1446,petit st jean
1447,petit st jean
1448,petit st jean
1449,petit st jean
1450,petit st jean
1451,petit st jean
1452,petit st jean
1453,petit st jean
1454,petit st jean
1455,petit st jean
1456,petit st jean
1457,petit st jean
1458,petit st jean
1459,petit st jean
1460,petit st jean
1461,petit st jean
1462,petit st jean
1463,petit st jean
1464,petit st jean
1465,petit st jean
1466,petit st jean
1467,petit st jean
1468,petit st jean
1469,petit st jean
1470,petit st jean
1471,petit st jean
1472,petit st jean
1473,petit st jean
1474,petit st jean
1475,petit st jean
1476,petit st jean
1477,petit st jean
1478,petit st jean
1479,petit st jean
1480,petit st jean
1481,petit st jean
1482,petit st jean
1483,petit st jean
1484,petit st jean
1485,petit st jean
1486,petit st jean
1487,petit st jean
1488,moulin de pepinet
1489,moulin de pepinet
1490,moulin de pepinet
1491,moulin de pepinet
1492,moulin de pepinet
1493,moulin de pepinet
1494,moulin de pepinet
1495,moulin de pepinet
1496,moulin de pepinet
1497,moulin de pepinet
1498,moulin de pepinet
1499,moulin de pepinet
1500,moulin de pepinet
1501,moulin de pepinet
1502,moulin de pepinet
1503,moulin de pepinet
1504,moulin de pepinet
1505,moulin de pepinet
1506,moulin de pepinet
1507,moulin de pepinet
1508,moulin de pepinet
1509,moulin de pepinet
1510,moulin de pepinet
1511,moulin de pepinet
1512,moulin de pepinet
1513,moulin de pepinet
1514,moulin de pepinet
1515,moulin de pepinet
1516,moulin de pepinet
1517,montee de st laurent
1518,montee de st laurent
1519,montee de st laurent
1520,montee de st laurent
1521,montee de st laurent
1522,montee de st laurent
1523,montee de st laurent
1524,montee de st laurent
1525,montee de st laurent
1526,montee de st laurent
1527,montee de st laurent
1528,montee de st laurent
1529,montee de st laurent
1530,montee de st laurent
1531,montee de st laurent
1532,montee de st laurent
1533,montee de st laurent
1534,montee de st laurent
1535,montee de st laurent
1536,montee de st laurent
1537,montee de st laurent
1538,montee de st laurent
1539,montee de st laurent
1540,montee de st laurent
1541,montee de st laurent
1542,montee de st laurent
1543,montee de st laurent
1544,montee de st laurent
1545,montee de st laurent
1546,montee de st laurent
1547,montee de st laurent
1548,montee de st laurent
1549,montee de st laurent
1550,montee de st laurent
1551,montee de st laurent
1552,montee de st laurent
1553,montee de st laurent
1554,montee de st laurent
1555,montee de st laurent
1556,montee de st laurent
1557,montee de st laurent
1558,montee de st laurent
1559,montee de st laurent
1560,montee de st laurent
1561,montee de st laurent
1562,montee de st laurent
1563,montee de st laurent
1564,montee de st laurent
1565,montee de st laurent
1566,montee de st laurent
1567,montee de st laurent
1568,montee de st laurent
1569,montee de st laurent
1570,montee de st laurent
1571,montee de st laurent
1572,montee de st laurent
1573,montee de st laurent
1574,montee de st laurent
1575,montee de st laurent
1576,montee de st laurent
1577,montee de st laurent
1578,montee de st laurent
1579,montee de st laurent
1580,montee de st laurent
1581,montee de st laurent
1582,montee de st laurent
1583,montee de st laurent
1584,montee de st laurent
1585,montee de st laurent
1586,montee de st laurent
1587,montee de st laurent
1588,montee de st laurent
1589,montee de st laurent
1590,montee de st laurent
1591,montee de st laurent
1592,montee de st laurent
1593,montee de st laurent
1594,montee de st laurent
1595,montee de st laurent
1596,montee de st laurent
1597,montee de st laurent
1598,montee de st laurent
1599,montee de st laurent
1600,montee de st laurent
1601,montee de st laurent
1602,montee de st laurent
1603,montee de st laurent
1604,montee de st laurent
1605,montee de st laurent
1606,montee de st laurent
1607,montee de st laurent
1608,montee de st laurent
1609,montee de st laurent
1610,montee de st laurent
1611,grand st jean
1612,grand st jean
1613,grand st jean
1614,grand st jean
1615,grand st jean
1616,grand st jean
1617,grand st jean
1618,grand st jean
1619,grand st jean
1620,grand st jean
1621,grand st jean
1622,grand st jean
1623,grand st jean
1624,grand st jean
1625,grand st jean
1626,grand st jean
1627,grand st jean
1628,grand st jean
1629,grand st jean
1630,grand st jean
1631,grand st jean
1632,grand st jean
1633,grand st jean
1634,grand st jean
1635,grand st jean
1636,grand st jean
1637,grand st jean
1638,grand st jean
1639,grand st jean
1640,grand st jean
1641,grand st jean
1642,grand st jean
1643,grand st jean
1644,grand st jean
1645,grand st jean
1646,grand st jean
1647,grand st jean
1648,grand st jean
1649,grand st jean
1650,grand st jean
1651,grand st jean
1652,grand st jean
1653,grand st jean
1654,grand st jean
1655,grand st jean
1656,grand st jean
1657,grand st jean
1658,grand st jean
1659,grand st jean
1660,grand st jean
1661,grand st jean
1662,grand st jean
1663,grand st jean
1664,grand st jean
1665,grand st jean
1666,grand st jean
1667,grand st jean
1668,grand st jean
1669,grand st jean
1670,grand st jean
1671,grand st jean
1672,grand st jean
1673,grand st jean
1674,grand st jean
1675,grand st jean
1676,grand st jean
1677,grand st jean
1678,grand st jean
1679,grand st jean
1680,grand st jean
1681,grand st jean
1682,grand st jean
1683,grand st jean
1684,grand st jean
1685,grand st jean
1686,grand st jean
1687,grand st jean
1688,grand st jean
1689,grand st jean
1690,grand st jean
1691,grand st jean
1692,grand st jean
1693,grand st jean
1694,grand st jean
1695,grand st jean
1696,grand st jean
1697,grand st jean
1698,grand st jean
1699,grand st jean
1700,grand st jean
1701,grand st jean
1702,grand st jean
1703,grand st jean
1704,grand st jean
1705,grand st jean
1706,grand st jean
1707,grand st jean
1708,grand st jean
1709,grand st jean
1710,grand st jean
1711,grand st jean
1712,grand st jean
1713,grand st jean
1714,grand st jean
1715,grand st jean
1716,grand st jean
1717,grand st jean
1718,grand st jean
1719,grand st jean
1720,grand st jean
1721,grand st jean
1722,grand st jean
1723,grand st jean
1724,grand st jean
1725,grand st jean
1726,grand st jean
1727,grand st jean
1728,grand st jean
1729,grand st jean
1730,grand st jean
1731,grand st jean
1732,grand st jean
1733,grand st jean
1734,grand st jean
1735,grand st jean
1736,grand st jean
1737,grand st jean
1738,grand st jean
1739,grand st jean
1740,grand st jean
1741,grand st jean
1742,grand st jean
1743,grand st jean
1744,grand st jean
1745,grand st jean
1746,grand st jean
1747,grand st jean
1748,grand st jean
1749,grand st jean
1750,grand st jean
1751,grand st jean
1752,grand st jean
1753,grand st jean
1754,grand st jean
1755,grand st jean
1756,grand st jean
1757,grand st jean
1758,grand st jean
1759,grand st jean
1760,grand st jean
1761,grand st jean
1762,grand st jean
1763,grand st jean
1764,grand st jean
1765,grand st jean
1766,grand st jean
1767,grand st jean
1768,grand st jean
1769,grand st jean
1770,grand st jean
1771,grand st jean
1772,grand st jean
1773,grand st jean
1774,grand st jean
1775,grand st jean
1776,grand st jean
1777,grand st jean
1778,grand st jean
1779,grand st jean
1780,grand st jean
1781,grand st jean
1782,grand st jean
1783,grand st jean
1784,grand st jean
1785,grand st jean
1786,grand st jean
1787,grand st jean
1788,grand st jean
1789,grand st jean
1790,grand st jean
1791,grand st jean
1792,grand st jean
1793,grand st jean
1794,grand st jean
1795,grand st jean
1796,grand st jean
1797,grand st jean
1798,grand st jean
1799,grand st jean
1800,grand st jean
1801,grand st jean
1802,grand st jean
1803,grand st jean
1804,grand st jean
1805,grand st jean
1806,grand st jean
1807,grand st jean
1808,grand st jean
1809,grand st jean
1810,grand st jean
1811,grand st jean
1812,grand st jean
1813,grand st jean
1814,grand st jean
1815,grand st jean
1816,grand st jean
1817,grand st jean
1818,grand st jean
1819,grand st jean
1820,grand st jean
1821,grand st jean
1822,grand st jean
1823,grand st jean
1824,grand st jean
1825,grand st jean
1826,grand st jean
1827,grand st jean
1828,grand st jean
1829,grand st jean
1830,grand st jean
1831,grand st jean
1832,grand st jean
1833,grand st jean
1834,grand st jean
1835,grand st jean
1836,grand st jean
1837,grand st jean
1838,grand st jean
1839,grand st jean
1840,grand st jean
1841,grand st jean
1842,grand st jean
1843,grand st jean
1844,grand st jean
1845,grand st jean
1846,grand st jean
1847,grand st jean
1848,grand st jean
1850,grand st jean
1851,grand st jean
1852,grand st jean
1853,grand st jean
1854,grand st jean
1855,grand st jean
1856,grand st jean
1857,grand st jean
1858,grand st jean
1859,grand st jean
1860,grand st jean
1861,grand st jean
1862,grand st jean
1863,grand st jean
1864,grand st jean
1865,grand st jean
1866,grand st jean
1867,grand st jean
1868,grand st jean
1869,grand st jean
1870,grand st jean
1871,grand st jean
1872,grand st jean
1873,grand st jean
1874,grand st jean
1875,place st laurent
1876,place st laurent
1877,place st laurent
1878,place st laurent
1879,place st laurent
1880,place st laurent
1881,place st laurent
1882,place st laurent
1883,place st laurent
1884,derriere les terreaux ferme de m. roguin
1886,chaucrau
1887,chaucrau
1888,chaucrau
1889,chaucrau
1890,chaucrau
1891,chaucrau
1892,chaucrau
1893,chaucrau
1894,chaucrau
1895,chaucrau
1896,chaucrau
1897,chaucrau
1898,chaucrau
1899,chaucrau
1900,chaucrau
1901,chaucrau
1902,chaucrau
1903,chaucrau
1904,chaucrau
1905,chaucrau
1906,chaucrau
1907,chaucrau
1908,chaucrau
1909,chaucrau
1910,chaucrau
1911,chaucrau
1912,chaucrau
1913,chaucrau
1914,chaucrau
1915,chaucrau
1916,chaucrau
1917,chaucrau
1918,chaucrau
1919,chaucrau
1920,chaucrau
1921,chaucrau
1922,chaucrau
1923,chaucrau
1924,chaucrau
1925,chaucrau
1926,chaucrau
1927,chaucrau
1928,chaucrau
1929,chaucrau
1930,chaucrau
1931,chaucrau
1932,chaucrau
1933,chaucrau
1934,chaucrau
1935,chaucrau
1936,chaucrau
1937,chaucrau
1938,chaucrau
1939,chaucrau
1940,chaucrau
1941,chaucrau
1942,chaucrau
1943,chaucrau
1944,chaucrau
1945,petit clos
1946,petit clos
1947,petit clos
1948,petit clos
1949,petit clos
1950,petit clos
1951,petit clos
1952,clos de bulle
1953,clos de bulle
1954,clos de bulle
1955,clos mont
1956,clos mont
1957,clos mont
1958,clos mont
1959,clos mont
1960,clos mont
1961,riant-mont
1962,riant-mont
1963,valentin
1964,valentin
1965,valentin
1966,valentin
1967,ecole de charite
1968,ecole de charite
1969,ecole de charite
1970,ecole de charite
1971,riponne
1972,riponne
1973,riponne
1974,chaucrau
1975,chaucrau
1976,chaucrau
1977,chaucrau
1978,chaucrau
1979,chaucrau
1980,chaucrau
1981,chaucrau
1982,chaucrau
1983,chaucrau
1984,chaucrau
1985,chaucrau
1986,chaucrau
1987,chaucrau
1988,chaucrau
1989,chaucrau
1990,chaucrau
1991,chaucrau
1992,chaucrau
1993,chaucrau
1994,chaucrau
1995,chaucrau
1996,chaucrau
1997,chaucrau
1998,chaucrau
1999,chaucrau
2000,chaucrau
2001,chaucrau
2002,chaucrau
2003,chaucrau
2004,chaucrau
2005,chaucrau
2006,chaucrau
2007,chaucrau
2008,chaucrau
2009,chaucrau
2010,chaucrau
2011,chaucrau
2012,chaucrau
2013,chaucrau
2014,st laurent
2015,st laurent
2016,st laurent
2017,st laurent
2018,st laurent
2019,st laurent
2020,st laurent
2021,st laurent
2022,st laurent
2023,st laurent
2024,st laurent
2025,st laurent
2026,st laurent
2027,st laurent
2028,st laurent
2029,st laurent
2030,st laurent
2031,st laurent
2032,st laurent
2033,st laurent
2034,st laurent
2035,st laurent
2036,st laurent
2037,st laurent
2038,st laurent
2039,st laurent
2040,st laurent
2041,st laurent
2042,st laurent
2043,st laurent
2044,st laurent
2045,st laurent
2046,st laurent
2047,st laurent
2048,st laurent
2049,st laurent
2050,st laurent
2051,st laurent
2052,st laurent
2053,st laurent
2054,st laurent
2055,st laurent
2056,st laurent
2057,st laurent
2058,st laurent
2059,st laurent
2060,st laurent
2061,st laurent
2062,st laurent
2063,st laurent
2064,st laurent
2065,st laurent
2066,st laurent
2067,st laurent
2068,st laurent
2069,st laurent
2070,st laurent
2071,st laurent
2072,st laurent
2073,st laurent
2074,st laurent
2075,st laurent
2076,st laurent
2077,st laurent
2078,st laurent
2079,st laurent
2080,st laurent
2081,st laurent
2082,st laurent
2083,st laurent
2084,st laurent
2085,st laurent
2086,st laurent
2087,st laurent
2088,st laurent
2089,st laurent
2090,st laurent
2091,st laurent
2092,st laurent
2093,st laurent
2094,st laurent
2096,st laurent
2097,st laurent
2098,st laurent
2099,st laurent
2100,st laurent
2101,st laurent
2102,st laurent
2103,st laurent
2104,st laurent
2105,st laurent
2106,st laurent
2107,st laurent
2108,st laurent
2109,st laurent
2110,st laurent
2111,st laurent
2112,st laurent
2114,st laurent
2115,st laurent
2116,st laurent
2117,st laurent
2118,st laurent
2119,st laurent
2120,st laurent
2121,st laurent
2122,st laurent
2123,st laurent
2124,st laurent
2125,st laurent
2126,st laurent
2127,st laurent
2128,st laurent
2129,st laurent
2130,st laurent
2131,st laurent
2132,derriere les terreaux
2133,derriere les terreaux
2134,derriere les terreaux
2135,derriere les terreaux
2136,derriere les terreaux
2137,derriere les terreaux
2138,derriere les terreaux
2139,derriere les terreaux
2140,derriere les terreaux
2141,derriere les terreaux
2142,ale
2143,ale
2144,ale
2145,ale
2146,ale
2147,ale
2148,ale
2149,ale
2150,ale
2151,ale
2152,ale
2153,ale
2154,ale
2155,ale
2156,ale
2157,ale
2158,ale
2159,ale
2160,ale
2161,ale
2162,ale
2163,ale
2164,ale
2165,ale
2166,ale
2167,ale
2168,ale
2169,ale
2170,ale
2171,ale
2172,ale
2173,ale
2174,ale
2175,ale
2176,ale
2177,ale
2178,ale
2179,ale
2180,ale
2181,ale
2182,ale
2183,ale
2184,ale
2185,ale
2186,ale
2187,ale
2188,ale
2189,ale
2190,ale
2191,ale
2192,ale
2193,ale
2194,ale
2195,ale
2196,ale
2197,ale
2198,ale
2199,ale
2200,ale
2201,ale
2202,ale
2203,ale
2204,ale
2205,ale
2206,ale
2207,ale
2208,ale
2209,ale
2210,ale
2211,ale
2212,ale
2213,ale
2214,ale
2215,ale
2216,ale
2217,ale
2218,ale
2219,ale
2220,ale
2221,ale
2222,chauderon
2223,chauderon
2224,chauderon
2225,chauderon
2226,chauderon
2227,chauderon
2228,chauderon
2229,chauderon
2230,chauderon
2231,chauderon
2232,chauderon
2233,maupas
2234,maupas
2235,maupas
2236,maupas
2237,maupas
2238,maupas
2239,maupas
2240,maupas
2241,maupas
2242,maupas
2243,maupas
2244,maupas
2245,maupas
2246,maupas
2247,maupas
2248,maupas
2249,maupas
2250,maupas
2251,beaulieu
2252,beaulieu
2253,beaulieu
2254,beaulieu
2255,maupas
2256,maupas
2257,maupas
2258,maupas
2259,maupas
2260,maupas
2261,maupas
2262,maupas
2263,maupas
2264,maupas
2265,maupas
2266,maupas
2267,ale
2268,ale
2269,ale
2270,ale
2271,ale
2272,ale
2273,ale
2274,ale
2275,ale
2276,ale
2277,ale
2278,ale
2279,ale
2280,ale
2281,ale
2282,ale
2283,ale
2284,ale
2285,ale
2286,ale
2288,ale
2289,ale
2290,ale
2291,ale
2292,ale
2293,ale
2294,ale
2295,ale
2296,ale
2297,ale
2298,ale
2299,ale
2300,ale
2301,ale
2302,ale
2303,ale
2304,ale
2305,ale
2306,ale
2307,ale
2308,ale
2309,ale
2310,ale
2311,ale
2312,ale
2313,ale
2314,ale
2315,ale
2316,ale
2317,ale
2318,ale
2319,ale
2320,ale
2321,ale
2322,ale
2323,ale
2324,ale
2325,ale
2326,ale
2327,ale
2328,ale
2329,ale
2330,ale
2331,ale
2332,ale
2333,ale
2334,ale
2335,ale
2336,ale
2337,ale
2339,ale
2340,ale
2341,ale
2342,ale
2343,ale
2345,ale
2346,ale
2347,ale
2348,ale
2349,ale
2350,ale
2351,ale
2352,ale
2353,ale
2355,ale
2356,ale
2357,ale
2358,ale
2359,ale
2360,ale
2361,ale
2362,ale
2363,ale
2364,ale
2365,ale
2366,ale
2367,ale
2368,ale
2369,ale
2370,ale
2371,ale
2372,ale
2373,ale
2374,ale
2375,ale
2376,ale
2377,derriere les terreaux
2378,derriere les terreaux
2379,derriere les terreaux
2380,derriere les terreaux
2381,a la tuerie ?
2382,palud
2383,palud
2384,palud
2385,palud
2386,palud
2387,palud
2388,palud
2389,palud
2390,palud
2391,palud
2392,palud
2393,palud
2394,palud
2395,palud
2396,palud
2397,palud
2398,palud
2399,palud
2400,palud
2401,palud
2402,palud
2403,palud
2404,palud
2405,palud
2406,palud
2407,palud
2408,palud
2409,palud
2410,palud
2411,palud
2412,palud
2413,palud
2414,palud
2415,palud
2416,palud
2417,palud
2418,palud
2419,palud
2420,palud
2421,palud
2422,palud
2423,palud
2424,palud
2425,palud
2426,palud
2427,palud
2428,palud
2429,palud
2430,palud
2431,palud
2432,palud
2433,palud
2434,palud
2435,palud
2436,palud
2437,palud
2438,palud
2439,palud
2440,palud
2441,palud
2442,palud
2443,palud
2444,palud
2445,palud
2446,palud
2447,palud
2448,palud
2449,palud
2450,palud
2451,palud
2452,palud
2453,palud
2454,palud
2455,palud
2456,palud
2457,palud
2458,palud
2459,palud
2460,palud
2461,palud
2462,palud
2463,palud
2464,palud
2465,palud
2466,palud
2467,palud
2468,palud
2469,palud
2470,palud
2471,palud
2472,palud
2473,palud
2474,palud
2475,palud
2476,palud
2477,palud
2478,palud
2479,palud
2480,palud
2481,palud
2482,palud
2483,palud
2484,palud
2485,palud
2486,palud
2487,palud
2488,palud
2489,palud
2490,palud
2491,palud
2492,palud
2493,mercerie
2494,mercerie
2495,mercerie
2496,mercerie
2497,mercerie
2498,mercerie
2499,mercerie
2500,mercerie
2501,mercerie
2502,mercerie
2503,mercerie
2504,mercerie
2505,mercerie
2506,mercerie
2507,mercerie
2508,mercerie
2509,mercerie
2510,mercerie
2511,mercerie
2512,mercerie
2513,mercerie
2514,mercerie
2515,mercerie
2516,mercerie
2517,mercerie
2518,mercerie
2519,mercerie
2520,mercerie
2521,mercerie
2522,mercerie
2523,mercerie
2524,mercerie
2525,mercerie
2526,mercerie
2527,mercerie
2528,mercerie
2529,mercerie
2530,mercerie
2531,mercerie
2532,mercerie
2533,mercerie
2534,mercerie
2535,mercerie
2536,mercerie
2537,mercerie
2538,mercerie
2539,mercerie
2540,mercerie
2541,mercerie
2542,mercerie
2543,mercerie
2544,mercerie
2545,mercerie
2546,mercerie
2547,mercerie
2548,mercerie
2549,mercerie
2550,mercerie
2551,mercerie
2552,mercerie
2553,mercerie
2554,mercerie
2555,mercerie
2556,mercerie
2557,mercerie
2558,mercerie
2559,mercerie
2560,mercerie
2561,mercerie
2562,mercerie
2563,mercerie
2564,mercerie
2565,mercerie
2566,mercerie
2567,mercerie
2568,mercerie
2569,mercerie
2570,mercerie
2571,mercerie
2572,mercerie
2573,mercerie
2574,mercerie
2575,mercerie
2576,mercerie
2577,mercerie
2578,mercerie
2579,mercerie
2580,mercerie
2581,mercerie
2582,mercerie
2583,mercerie
2584,mercerie
2585,mercerie
2586,escaliers du marche
2587,escaliers du marche
2588,escaliers du marche
2589,escaliers du marche
2590,escaliers du marche
2591,escaliers du marche
2592,escaliers du marche
2593,escaliers du marche
2594,escaliers du marche
2595,escaliers du marche
2596,escaliers du marche
2597,escaliers du marche
2598,escaliers du marche
2599,escaliers du marche
2600,escaliers du marche
2601,escaliers du marche
2602,escaliers du marche
2603,escaliers du marche
2604,escaliers du marche
2605,escaliers du marche
2606,escaliers du marche
2607,escaliers du marche
2608,escaliers du marche
2609,escaliers du marche
2610,escaliers du marche
2611,escaliers du marche
2612,escaliers du marche
2613,escaliers du marche
2614,escaliers du marche
2615,escaliers du marche
2616,escaliers du marche
2617,escaliers du marche
2618,escaliers du marche
2619,escaliers du marche
2620,escaliers du marche
2621,escaliers du marche
2622,escaliers du marche
2623,escaliers du marche
2624,escaliers du marche
2625,escaliers du marche
2626,escaliers du marche
2627,escaliers du marche
2628,escaliers du marche
2629,escaliers du marche
2630,escaliers du marche
2631,escaliers du marche
2632,escaliers du marche
2633,escaliers du marche
2634,escaliers du marche
2635,escaliers du marche
2636,escaliers du marche
2637,escaliers du marche
2638,escaliers du marche
2639,escaliers du marche
2640,escaliers du marche
2641,escaliers du marche
2642,escaliers du marche
2643,escaliers du marche
2644,escaliers du marche
2645,st etienne
2646,st etienne
2647,st etienne
2648,st etienne
2649,st etienne
2650,st etienne
2651,st etienne
2652,st etienne
2653,st etienne
2654,st etienne
2655,st etienne
2656,st etienne
2657,st etienne
2658,st etienne
2659,st etienne
2660,st etienne
2661,st etienne
2662,st etienne
2663,st etienne
2664,st etienne
2665,st etienne
2666,st etienne
2667,st etienne
2668,st etienne
2669,st etienne
2670,st etienne
2671,st etienne
2672,st etienne
2673,st etienne
2674,st etienne
2675,st etienne
2676,st etienne
2677,st etienne
2678,st etienne
2679,st etienne
2680,st etienne
2681,st etienne
2682,st etienne
2683,st etienne
2684,st etienne
2685,st etienne
2686,st etienne
2687,rue de l'hopital
2688,rue de l'hopital
2689,rue de l'hopital
2690,rue de l'hopital
2691,rue de l'hopital
2692,rue de l'hopital
2693,rue de l'hopital
2694,rue de l'hopital
2695,rue de l'hopital
2696,rue de l'hopital
2697,rue de l'hopital
2698,rue de l'hopital
2699,rue de l'hopital
2700,rue de l'hopital
2701,rue de l'hopital
2702,rue de l'hopital
2703,rue de l'hopital
2704,rue de l'hopital
2705,rue de l'hopital
2706,rue de l'hopital
2707,rue de l'hopital
2708,rue de l'hopital
2709,rue de l'hopital
2710,rue de l'hopital
2711,rue de l'hopital
2712,rue de l'hopital
2713,rue de l'hopital
2714,rue de l'hopital
2715,rue de l'hopital
2716,rue de l'hopital
2717,rue de l'hopital
2718,rue de l'hopital
2719,rue de l'hopital
2720,petite rue
2721,petite rue
2722,petite rue
2723,petite rue
2724,petite rue
2725,petite rue
2726,cite dessous
2727,cite dessous
2728,cite dessous
2729,cite dessous
2730,cite dessous
2731,cite dessous
2732,cite dessous
2733,cite dessous
2734,cite dessous
2735,cite dessous
2736,cite dessous
2737,cite dessous
2738,cite dessous
2739,cite dessous
2740,cite dessous
2741,cite dessous
2742,cite dessous
2743,cite dessous
2744,cite dessous
2745,cite dessous
2746,cite dessous
2747,cite dessous
2748,cite dessous
2749,cite dessous
2750,cite dessous
2751,cite dessous
2752,cite dessous
2753,cite dessous
2754,cite dessous
2755,cite dessous
2756,cite dessous
2757,cite dessous
2758,cite dessous
2759,cite dessous
2760,cite dessous
2761,cite dessous
2762,cite dessous
2763,cite dessous
2764,cite dessous
2765,cite dessous
2766,cite dessous
2767,cite dessous
2768,cite dessous
2769,cite dessous
2770,cite dessous
2771,cite dessous
2772,cite dessous
2773,cite dessous
2774,cite dessous
2775,cite dessous
2776,cite dessous
2777,cite dessous
2778,cite devant
2779,cite devant
2780,cite devant
2781,cite devant
2782,cite devant
2783,cite devant
2784,cite devant
2785,cite devant
2786,cite devant
2787,cite devant
2788,cite devant
2789,cite devant
2790,cite devant
2791,cite devant
2792,cite devant
2793,cite devant
2794,cite devant
2795,cite devant
2796,cite devant
2797,cite devant
2798,cite devant
2799,cite devant
2800,cite devant
2801,cite devant
2802,cite devant
2803,cite devant
2804,cite devant
2805,cite devant
2806,cite devant
2807,cite devant
2808,cite devant
2809,cite devant
2810,cite devant
2811,cite devant
2812,cite devant
2813,cite devant
2814,cite devant
2815,cite devant
2816,cite devant
2817,cite devant
2818,cite devant
2819,cite devant
2820,cite devant
2821,cite devant
2822,cite devant
2823,cite devant
2824,cite devant
2825,cite devant
2826,cite devant
2827,cite devant
2828,cite devant
2829,cite devant
2830,cite devant
2831,cite devant
2832,cite devant
2833,cite devant
2834,cite devant
2835,cite devant
2836,cite devant
2837,cite devant
2838,cite devant
2839,cite devant
2840,cite devant
2841,cite devant
2842,cite devant
2843,cite devant
2844,cite devant
2845,cite devant
2846,cite devant
2847,cite devant
2848,cite devant
2849,cite devant
2850,cite devant
2851,cite devant
2852,cite devant
2853,cite devant
2854,cite devant
2855,cite devant
2856,cite devant
2857,cite devant
2858,cite devant
2859,cite devant
2860,cite devant
2861,cite devant
2862,cite devant
2863,cite devant
2864,cite devant
2865,cite devant
2866,cite devant
2867,cite devant
2868,cite devant
2869,cite devant
2870,cite devant
2871,cite devant
2872,cite derriere
2873,cite derriere
2874,cite derriere
2875,cite derriere
2876,cite derriere
2877,cite derriere
2878,cite derriere
2879,cite derriere
2880,cite derriere
2881,cite derriere
2882,cite derriere
2883,cite derriere
2884,cite derriere
2885,cite derriere
2886,cite derriere
2887,cite derriere
2888,cite derriere
2889,cite derriere
2890,cite derriere
2891,cite derriere
2892,cite derriere
2893,cite derriere
2894,cite derriere
2895,cite derriere
2896,cite derriere
2897,cite derriere
2898,cite derriere
2899,cite derriere
2900,cite derriere
2901,cite derriere
2902,cite derriere
2903,cite derriere
2904,cite derriere
2905,cite derriere
2906,cite derriere
2907,cite derriere
2908,cite derriere
2909,cite derriere
2910,cite derriere
2911,cite derriere
2912,cite derriere
2913,cite derriere
2914,cite derriere
2915,cite derriere
2916,cite derriere
2917,cite derriere
2918,cite derriere
2919,cite derriere
2920,cite derriere
2921,cite derriere
2922,cite derriere
2923,cite derriere
2924,cite derriere
2925,cite derriere
2926,cite derriere
2927,cite derriere
2928,cite derriere
2929,cite derriere
2930,cite derriere
2931,cite derriere
2932,cite derriere
2933,cite derriere
2934,cite derriere
2935,cite derriere
2936,cite derriere
2937,cite derriere
2938,cite derriere
2939,cite derriere
2940,cite derriere
2941,cite derriere
2942,cite derriere
2943,cite derriere
2944,cite derriere
2945,cite derriere
2946,cite derriere
2947,cite derriere
2948,cite derriere
2949,cite derriere
2950,cite derriere
2951,cite derriere
2952,cite derriere
2953,cite derriere
2954,cite derriere
2955,cite derriere
2956,cite derriere
2957,cite derriere
2958,cite derriere
2959,cite derriere
2960,cite derriere
2961,cite derriere
2962,cite derriere
2963,cite derriere
2964,cite derriere
2965,cite derriere
2966,cite derriere
2967,cite derriere
2968,cite derriere
2969,cite derriere
2970,cite derriere
2971,cite derriere
2972,cite derriere
2973,cite derriere
2974,cite derriere
2975,cite derriere
2976,cite derriere
2977,cite derriere
2978,cite derriere
2979,cite derriere
2980,cite derriere
2981,cite derriere
2982,cite derriere
2983,madeleine
2984,madeleine
2985,madeleine
2986,madeleine
2987,madeleine
2988,madeleine
2989,madeleine
2990,madeleine
2991,madeleine
2992,madeleine
2993,madeleine
2994,madeleine
2995,madeleine
2996,madeleine
2997,madeleine
2998,madeleine
2999,madeleine
3000,madeleine
3001,madeleine
3002,madeleine
3003,madeleine
3004,madeleine
3005,madeleine
3006,madeleine
3007,madeleine
3008,madeleine
3009,madeleine
3010,madeleine
3011,madeleine
3012,madeleine
3013,madeleine
3014,madeleine
3015,madeleine
3016,madeleine
3017,madeleine
3018,madeleine
3019,madeleine
3020,madeleine
3021,madeleine
3022,madeleine
3023,madeleine
3024,madeleine
3025,madeleine
3026,madeleine
3027,madeleine
3028,madeleine
3029,madeleine
3030,madeleine
3031,madeleine
3032,madeleine
3033,madeleine
3034,madeleine
3035,madeleine
3036,madeleine
3037,madeleine
3038,madeleine
3039,madeleine
3040,barre
3041,barre
3042,barre
3043,barre
3044,barre
3045,barre
3046,barre
3047,barre
3048,barre
3049,barre
3050,barre
3051,barre
3052,barre
3053,barre
3054,barre
3055,barre
3056,barre
3057,barre
3058,barre
3059,barre
3060,barre
3061,barre
3062,barre
3063,barre
3064,barre
3065,barre
3066,barre
3067,barre
3068,barre
3069,barre
3070,barre
3071,barre
3072,barre
3073,barre
3074,barre
3075,barre
3076,barre
3077,barre
3078,barre
3079,barre
3080,barre
3081,barre
3082,barre
3083,barre
3084,barre
3085,barre
3086,barre
3087,barre
3088,barre
3089,barre
3090,barre
3091,barre
3092,barre
3093,barre
3094,barre
3095,barre
3096,barre
3097,barre
3098,barre
3099,barre
3100,barre
3101,barre
3102,barre
3103,barre
3104,barre
3105,barre
3106,barre
3107,barre
3108,barre
3109,barre
3110,barre
3111,barre
3112,barre
3113,barre
3114,barre
3115,sous le signal
3116,barre
3117,barre
3118,barre
3119,barre
3120,barre
3121,barre
3122,barre
3123,barre
3124,barre
3125,barre
3126,barre
3127,barre
3128,barre
3129,barre
3130,barre
3131,barre
3132,barre
3133,barre
3134,barre
3135,barre
3136,barre
3137,barre
3138,barre
3139,barre
3140,barre
3141,barre
3142,barre
3143,barre
3144,barre
3145,barre
3146,barre
3147,barre
3148,barre
3149,barre
3150,barre
3151,barre
3152,barre
3153,barre
3154,barre
3155,barre
3156,barre
3157,barre
3158,barre
3159,barre
3160,barre
3161,barre
3162,barre
3163,barre
3164,barre
3165,barre
3166,barre
3167,barre
3168,barre
3169,barre
3170,barre
3171,barre
3172,barre
3173,barre
3174,barre
3175,barre
3176,barre
3177,barre
3178,ouchy
3179,ouchy
3180,ouchy
3181,ouchy
3182,ouchy
3183,ouchy
3184,ouchy
3185,ouchy
3186,ouchy
3187,ouchy
3188,ouchy
3189,ouchy
3190,ouchy
3191,ouchy
3192,ouchy
3193,ouchy
3194,ouchy
3195,ouchy
3196,ouchy
3197,ouchy
3198,ouchy
3199,ouchy
3200,ouchy
3201,ouchy
3202,ouchy
3203,ouchy
3204,ouchy
3205,ouchy
3206,ouchy
3207,ouchy
3208,ouchy
3209,ouchy
3210,ouchy
3211,ouchy
3212,ouchy
3213,ouchy
3214,ouchy
3215,ouchy
3216,ouchy
3217,ouchy
3218,ouchy
3219,ouchy
3220,ouchy
3221,ouchy
3222,ouchy
3223,ouchy
3224,ouchy
3225,ouchy
3226,ouchy
3227,ouchy
3228,ouchy
3229,ouchy
3230,ouchy
3231,ouchy
3232,ouchy
3233,ouchy
3234,ouchy
3235,ouchy
3236,ouchy
3237,ouchy
3238,ouchy
3239,ouchy
3240,ouchy
3241,ouchy
3242,ouchy
3243,ouchy
3244,ouchy
3245,ouchy
3246,ouchy
3247,ouchy
3248,ouchy
3249,ouchy
3250,ouchy
3251,ouchy
3252,ouchy
3253,ouchy
3254,ouchy
3255,ouchy
3256,ouchy
3258,ouchy
3259,ouchy
3260,ouchy
3261,ouchy
3262,ouchy
3263,ouchy
3264,ouchy
3265,ouchy
3266,ouchy
3267,ouchy
3268,ouchy
3269,ouchy
3270,ouchy
3271,ouchy
3272,ouchy
3273,ouchy
3274,ouchy
3275,ouchy
3276,ouchy
3277,ouchy
3278,ouchy
3279,ouchy
3280,ouchy
3281,ouchy
3282,ouchy
3283,ouchy
3284,ouchy
3285,ouchy
3286,ouchy
3287,ouchy
3288,ouchy
3289,ouchy
3290,ouchy
3291,ouchy
3292,ouchy
3293,ouchy
3294,ouchy
3295,ouchy
3296,ouchy
3297,ouchy
3298,ouchy
3299,ouchy
3300,ouchy
3301,ouchy
3302,mornex
3303,epinette
3304,epinette
3305,villars
3306,villars
3307,villars
3308,denatou
3309,denatou
3310,petits huttins
3311,mont-olivet
3312,mont-olivet
3313,montchoisi
3314,paleyres
3315,paleyres
3316,retraite
3317,trabandan
3318,rongimel
3319,rongimel
3320,rongimel
3321,servan
3322,servan
3323,servan
3324,servan
3325,servan
3326,truiblanc
3327,rosemont
3328,rosemont
3329,rosemont
3330,rosemont
3331,rasude
3332,rasude
3333,rasude
3334,rasude
3335,rasude
3336,pres de ville
3337,pres de ville
3338,pres de ville
3339,pres de ville
3340,pres de ville
3341,saugettes
3342,saugettes
3343,saugettes
3344,montriond
3345,montriond
3346,montriond
3347,jordils
3348,jordils
3349,croix de rive
3350,croix de rive
3351,croix de rive
3352,croix de rive
3353,croix de rive
3354,croix de rive
3355,petit ouchy
3356,petit ouchy
3357,cour
3358,cour
3360,cour
3361,cour
3362,cour
3363,cour
3364,cour
3365,cour
3366,cour
3367,cour
3368,cour
3369,cour
3370,cour
3371,cour
3372,cour
3373,cour
3374,cour
3375,cour
3376,cour
3377,cour
3378,cour
3379,cour
3381,cour
3382,cour
3383,cour
3384,cour
3385,cour
3386,cour
3387,cour
3388,cour
3389,cour
3390,cour
3391,cour
3392,cour
3393,cour
3394,cour
3395,cour
3396,cour
3397,cour
3398,cour
3399,cour
3400,cour
3401,cour
3402,cour
3403,cour
3404,cour
3405,cour
3406,cour
3407,grand champ
3408,villard
3409,villard
3410,villard
3411,villard
3412,languedoc
3413,languedoc
3414,contigny
3415,contigny
3416,contigny
3417,croix rouge
3418,montoie
3419,montoie
3420,montoie
3421,montoie
3422,montoie
3423,montoie
3424,montoie
3425,maladiere
3426,vidy
3427,bois de vaux
3428,bois de vaux
3429,bois de vaux
3430,bois de vaux
3431,bourdonnette
3432,bourdonnette
3433,malley
3434,malley
3435,sebeilllon
3436,cazard
3437,sebeilllon
3438,sebeilllon
3439,sebeilllon
3440,sebeilllon
3441,sebeilllon
3442,violette
3443,violette
3444,boston
3445,boston
3446,prelaz
3447,valency
3448,montetan
3449,montetan
3450,collonges
3451,chabliere
3452,chabliere
3453,chabliere
3454,chabliere
3455,beau-soleil
3456,grey
3457,bergieres
3458,bergieres
3459,desert
3460,desert
3461,grangette
3462,blecherette
3463,petite pontaise
3464,pontaise
3465,pontaise
3466,pontaise
3467,pontaise
3468,bois-gentil
3469,bois-gentil
3470,bois-gentil
3471,bois-gentil
3472,bois-gentil
3473,bois-gentil
3474,loup
3475,loup
3476,loup
3477,loup
3478,pont des sauge
3479,pont des sauge
3480,pont des sauge
3481,pont des sauge
3482,pont des sauge
3483,vernand-dessus
3484,vernand-dessus
3485,vernand-dessus
3486,vernand-dessus
3487,vernand-dessus
3488,vernand-dessus
3489,vernand-dessus
3490,vernand-dessus
3491,vernand-dessous
3492,vernand-dessous
3493,vernand-dessous
3494,vernand-dessous
3495,vernand-dessous
3496,bel-air
3497,bel-air
3498,chalet de vernand
3499,chalet de vernand
3500,taulau?
3501,taulau?
3502,taulau?
3503,taulau?
3504,taulau?
3505,taulau?
3506,taulau?
3507,vernand
3508,vernand
3509,vernand
3510,vernand
3511,chailly
3512,chailly
3513,chailly
3514,chailly
3515,chailly
3516,chailly
3517,chailly
3518,chailly
3519,chailly
3521,chailly
3522,chailly
3523,chailly
3524,chailly
3525,chailly
3526,chailly
3527,chailly
3528,chailly
3529,chailly
3530,chailly
3531,chailly
3532,chailly
3533,chailly
3534,chailly
3535,chailly
3536,chailly
3537,chailly
3538,chailly
3539,chailly
3540,chailly
3541,chailly
3542,chailly
3543,chailly
3544,chailly
3545,chailly
3546,chailly
3547,val-d'angrogne
3548,val-d'angrogne
3549,val-d'angrogne
3550,val-d'angrogne
3551,vuachere
3552,vuachere
3553,gottettaz
3554,gottettaz
3555,gottettaz
3556,gottettaz
3557,gottettaz
3558,gottettaz
3559,bel-air
3560,bel-air
3561,bellevue
3562,bellevue
3563,bellevue
3564,bellevue
3565,pra chillon
3566,pra chillon
3567,mont-allegre
3568,bethusy
3569,montagibert
3570,montagibert
3571,montagibert
3572,montagibert
3573,verdonnet
3574,verdonnet
3575,verdonnet
3576,verdonnet
3577,la cage 
3578,la cage 
3579,devin
3580,devin
3581,devin
3583,devin
3584,devin
3585,devin
3586,devin
3587,grange-neuve
3588,mon regret
3589,craivavers
3590,craivavers
3591,craivavers
3592,craivavers
3593,craivavers
3594,rovereaz
3595,rovereaz
3596,praz-sechaud
3597,praz-sechaud
3598,praz-sechaud
3599,grangette
3600,grangette
3601,grangette
3602,grangette
3603,grangette
3604,chavannes
3605,chavannes
3606,chavannes
3607,chavannes
3608,chavannes
3609,chavannes
3610,chavannes
3611,chavannes
3612,chavannes
3613,chavannes
3614,calvaire
3615,calvaire
3616,calvaire
3617,calvaire
3618,calvaire
3620,calvaire
3621,calvaire
3622,calvaire
3623,calvaire
3624,calvaire
3625,calvaire
3626,la sallaz
3627,la sallaz
3628,la sallaz
3629,la sallaz
3630,la sallaz
3631,la sallaz
3632,la sallaz
3633,la sallaz
3634,la sallaz
3635,la sallaz
3636,la sallaz
3637,la sallaz
3638,la sallaz
3639,la sallaz
3640,la sallaz
3641,la sallaz
3642,la sallaz
3643,la sallaz
3644,la sallaz
3645,la sallaz
3646,la sallaz
3647,vennes
3648,vennes
3649,chateau de vennes
3650,vennes
3651,vennes
3652,vennes
3653,vennes
3654,vennes
3655,vennes
3656,vennes
3657,vennes
3658,vennes
3659,vennes
3660,vennes
3661,vennes
3662,vennes
3663,vennes
3664,vennes
3665,croisette haras
3666,croisette haras
3667,grange-neuve
3668,grange-neuve
3669,grange-neuve
3670,grange-neuve
3671,grange-neuve
3672,grange-neuve
3673,grange-neuve
3674,grange-neuve
3675,grange-neuve
3676,grange-neuve
3677,grange-neuve
3678,grange-neuve
3679,grange-neuve
3680,la rappaz
3681,la rappaz
3682,la rappaz
3683,la rappaz
3684,la berallaz
3685,la berallaz
3686,la berallaz
3687,la berallaz
3688,la berallaz
3689,chalet a marin
3690,chalet a marin
3691,chalet a marin
3692,montheron
3693,montheron
3694,montheron
3695,montheron
3696,montheron
3697,montheron
3698,montheron
3699,les saugealles
3700,chalet aux enfants
3701,chalet aux enfants
